{
  "seed": 20260414,
  "n_dev": 671,
  "n_lockbox": 119,
  "mobility_disability_binary_dev_mean": 0.4572713643178411,
  "mobility_disability_binary_lock_mean": 0.4576271186440678,
  "mobility_disability_binary_dev_n": 667,
  "mobility_disability_binary_lock_n": 118,
  "cognitive_impairment_dev_mean": 0.27802690582959644,
  "cognitive_impairment_lock_mean": 0.21367521367521367,
  "cognitive_impairment_dev_n": 669,
  "cognitive_impairment_lock_n": 117,
  "falls_binary_dev_mean": 0.33083832335329344,
  "falls_binary_lock_mean": 0.3135593220338983,
  "falls_binary_dev_n": 668,
  "falls_binary_lock_n": 118,
  "parkinsonism_yn_dev_mean": 0.29245283018867924,
  "parkinsonism_yn_lock_mean": 0.2653061224489796,
  "parkinsonism_yn_dev_n": 530,
  "parkinsonism_yn_lock_n": 98,
  "cogn_global_quartile_dev": {
    "Q2": "171",
    "Q4": "170",
    "Q1": "168",
    "Q3": "160",
    "missing": "2"
  },
  "cogn_global_quartile_lock": {
    "Q3": "36",
    "Q1": "29",
    "Q4": "27",
    "Q2": "26",
    "missing": "1"
  },
  "age_dev_mean": 83.33358732917759,
  "age_lock_mean": 83.32921505357791,
  "msex_dev_mean": 0.23546944858420268,
  "msex_lock_mean": 0.2184873949579832
}